{"cameraMode":{"drawMode":0,"name":"Shaded","section":"Shading Mode"},"sceneLighting":true,"audioPlay":false,"sceneViewState":{"m_AlwaysRefresh":false,"showFog":true,"showSkybox":true,"showFlares":true,"showImageEffects":true,"showParticleSystems":true,"showVisualEffectGraphs":true,"m_FxEnabled":true},"in2DMode":false,"pivot":{"x":0.027698419988155366,"y":0.7192931771278381,"z":-1.500331997871399},"rotation":{"x":-0.049786847084760669,"y":0.009584812447428704,"z":-0.00047789813834242523,"w":-0.9987155795097351},"size":1.3815932273864747,"orthographic":false}